Tempo,Memória,Algoritmo,Arquivo
0.0000755,4572,maxVal2,100.txt
0.0007957,2260,maxVal2,1000.txt
0.0091694,2528,maxVal2,10000.txt
0.0859785,3232,maxVal2,100000.txt
0.9116475,3060,maxVal2,1000000.txt
9.3956187,3328,maxVal2,10000000.txt
97.3391070,4032,maxVal2,100000000.txt
0.0001195,264,maxVal2,200.txt
0.0015254,948,maxVal2,2000.txt
0.0040443,1056,maxVal2,5000.txt
0.0416389,1296,maxVal2,50000.txt
0.4527001,1588,maxVal2,500000.txt
4.5968582,1856,maxVal2,5000000.txt
