Tempo,Memória,Algoritmo,Arquivo
0.0000210,80.1,maxVal1,100.txt
0.0001638,36.9,maxVal1,1000.txt
0.0016369,36.9,maxVal1,10000.txt
0.0161788,36.9,maxVal1,100000.txt
0.1615183,36.9,maxVal1,1000000.txt
1.6230789,36.9,maxVal1,10000000.txt
16.0640147,36.9,maxVal1,100000000.txt
0.0000376,36.9,maxVal1,200.txt
0.0003285,36.9,maxVal1,2000.txt
0.0008227,36.9,maxVal1,5000.txt
0.0080536,36.9,maxVal1,50000.txt
0.0804270,36.9,maxVal1,500000.txt
0.8041717,36.9,maxVal1,5000000.txt
