Tempo,Memória,Algoritmo,Arquivo
0.0000763,457.2,maxVal2,100.txt
0.0007838,226.0,maxVal2,1000.txt
0.0083225,252.8,maxVal2,10000.txt
0.0856273,323.2,maxVal2,100000.txt
0.9069137,306.0,maxVal2,1000000.txt
9.3640327,332.8,maxVal2,10000000.txt
97.8189084,403.2,maxVal2,100000000.txt
0.0001196,26.4,maxVal2,200.txt
0.0015172,94.8,maxVal2,2000.txt
0.0039923,105.6,maxVal2,5000.txt
0.0406983,129.6,maxVal2,50000.txt
0.4269818,158.8,maxVal2,500000.txt
4.4886088,185.6,maxVal2,5000000.txt
