Tempo,Memória,Valor,Algoritmo,Arquivo
18.5992014,284,2032,cubic,1000.txt
0.0002284,256,21,cubic,20.txt
2.3413370,312,2681,cubic,500.txt
0.0000398,256,19,cubic,10.txt
0.0200742,256,193,cubic,100.txt
0.1539697,256,1761,cubic,200.txt
